step,cosine_similarity
0,0.17702215909957886
1,-0.005678166635334492
2,0.139748215675354
3,-0.13127140700817108
4,0.39429864287376404
5,-0.15230320394039154
6,0.22603130340576172
7,0.13378708064556122
8,0.19614872336387634
9,-0.11567306518554688
10,0.020153461024165154
11,0.34416869282722473
12,-0.14533273875713348
13,-0.1128103956580162
14,-0.0641329362988472
15,-0.19813281297683716
16,0.5276954174041748
17,0.10836971551179886
18,-0.2947016954421997
19,-0.05765973776578903
20,0.018128905445337296
21,0.03034646064043045
22,-0.05866146460175514
23,0.15597300231456757
24,0.12986400723457336
25,0.24730746448040009
26,-0.008601624518632889
27,0.264418363571167
28,-0.16527071595191956
29,0.49662721157073975
30,0.2701070308685303
31,0.15251769125461578
32,-0.044801075011491776
33,-0.06580313295125961
34,0.06564617156982422
35,-0.1283002495765686
36,0.282041996717453
37,0.06445852667093277
38,-0.07106269150972366
39,-0.19476310908794403
40,0.15648435056209564
41,0.03952668607234955
42,0.24938757717609406
43,0.1106763631105423
44,-0.44615408778190613
45,0.17485515773296356
46,0.01507632341235876
47,-0.3614605963230133
48,-0.03665969893336296
49,-0.06688087433576584
50,-0.08791502565145493
51,-0.20757393538951874
52,-0.20576633512973785
53,0.16535533964633942
54,0.2153182178735733
55,-0.19495829939842224
56,-0.03666997328400612
57,0.11467966437339783
58,-0.025515880435705185
59,0.23100528120994568
60,-0.03190942108631134
61,0.051319148391485214
62,0.17508655786514282
63,-0.1356809139251709
64,-0.03434654325246811
65,-0.47185206413269043
66,0.45144015550613403
67,0.3530528247356415
68,0.016773823648691177
69,0.32087910175323486
70,-0.3470379710197449
71,0.44566982984542847
72,0.35605916380882263
73,0.04187125712633133
74,-0.035269446671009064
75,0.07027004659175873
76,-0.04832085222005844
77,-0.2731906771659851
78,0.15558767318725586
79,0.5785329341888428
80,-0.042147476226091385
81,-0.15426820516586304
82,0.06549748033285141
83,0.04912949725985527
84,-0.034661244601011276
85,0.03900322690606117
86,0.06185050308704376
87,-0.11576409637928009
88,-0.1873643398284912
89,0.22952547669410706
90,-0.20193719863891602
91,0.5045435428619385
92,0.17557817697525024
93,0.06750637292861938
94,-0.11589344590902328
95,0.6064873933792114
96,-0.301044225692749
97,-0.08271289616823196
98,0.11318410933017731
99,0.07102125883102417
100,0.4174039661884308
101,0.14293792843818665
102,-0.02092858776450157
103,-0.06251592934131622
104,0.11883391439914703
105,0.25106433033943176
106,0.2111579030752182
107,0.08396133035421371
108,-0.16769318282604218
109,0.3230600655078888
110,-0.02679542452096939
111,-0.11348451673984528
112,-0.098551444709301
113,0.5138317346572876
114,-0.0812620297074318
115,0.5352683663368225
116,-0.15247748792171478
117,0.20505695044994354
118,0.3833482563495636
119,-0.27715760469436646
120,0.018430087715387344
121,-0.4516642093658447
122,0.1322423368692398
123,-0.16025568544864655
124,0.0880645290017128
125,0.10586976259946823
126,0.16513894498348236
127,-0.06608399003744125
128,0.05836569517850876
129,-0.18197201192378998
130,0.40871521830558777
131,0.03151637315750122
132,0.08298364281654358
133,0.1729450225830078
134,-0.2147570699453354
135,0.07641568034887314
136,0.054204996675252914
137,0.32892435789108276
138,0.19068653881549835
139,-0.08494686335325241
140,-0.5057808756828308
141,-0.3660717010498047
142,0.23947827517986298
143,-0.22818884253501892
144,0.49594244360923767
145,-0.16064278781414032
146,0.22132356464862823
147,-0.09363935887813568
148,0.10601362586021423
149,0.18598446249961853
150,-0.11689185351133347
151,-0.0472644679248333
152,-0.13705915212631226
153,0.06541447341442108
154,-0.1905404031276703
155,-0.08668433874845505
156,0.11566738039255142
157,0.2566607892513275
158,-0.031214622780680656
159,0.06057747080922127
160,0.09656603634357452
161,-0.20791979134082794
162,0.09903492778539658
163,0.0026005690451711416
164,-0.004674525931477547
165,-0.2977137863636017
166,0.00376902986317873
167,-0.43866047263145447
168,-0.04143223538994789
169,-0.14165404438972473
170,-0.15805281698703766
171,-0.05109800398349762
172,0.21105225384235382
173,-0.05738930031657219
174,-0.47888532280921936
175,0.11076728999614716
176,-0.3345215916633606
177,-0.005903651937842369
178,-0.0005900179385207593
179,-0.23855002224445343
180,0.015376352705061436
181,-0.10962370038032532
182,0.3951627016067505
183,0.5016435980796814
184,-0.09389091283082962
185,-0.6681498289108276
186,0.22015918791294098
187,-0.14364956319332123
188,0.18430781364440918
189,-0.16230721771717072
190,-0.2438800185918808
191,0.09072862565517426
192,-0.08612783253192902
193,-0.02887881174683571
194,0.19875845313072205
195,0.10312966257333755
196,0.07000800967216492
197,-0.17430651187896729
198,0.22145742177963257
199,0.12781374156475067
200,-0.36763468384742737
201,0.014208423905074596
202,0.04065759852528572
203,0.27117177844047546
204,-0.7458116412162781
205,0.045352526009082794
206,-0.0765874907374382
207,0.17936621606349945
208,0.052887413650751114
209,0.07437723129987717
210,0.33904337882995605
211,0.30250489711761475
212,0.06319838017225266
213,-0.04826381057500839
214,0.06498967856168747
215,-0.2699527144432068
216,0.28615933656692505
217,-0.17710688710212708
218,0.31057414412498474
219,0.20567691326141357
220,-0.40915974974632263
221,-0.34950804710388184
222,-0.13486498594284058
223,0.002419847995042801
224,-0.06653012335300446
225,0.15736213326454163
226,-0.05401886999607086
227,0.5241278409957886
228,-0.25056615471839905
229,-0.1788528561592102
230,-0.19784760475158691
231,-0.00597599521279335
232,0.10816933214664459
233,-0.4913157522678375
234,0.10885825753211975
235,-0.06274004280567169
236,0.03383162245154381
237,0.2712206244468689
238,-0.0961352065205574
239,-0.420709490776062
240,-0.15883421897888184
241,0.10927131772041321
242,-0.4243481159210205
243,-0.26482245326042175
244,-0.200618714094162
245,0.12147766351699829
246,0.11895746737718582
247,0.1914154440164566
248,-0.1559915840625763
249,-0.04327673092484474
250,0.031975261867046356
251,-0.0886726826429367
252,-0.18871288001537323
253,0.15438468754291534
254,0.10703825205564499
255,-0.18923917412757874
256,-0.2587725818157196
257,-0.22034044563770294
258,0.12883050739765167
259,-0.1724720448255539
260,-0.0032957580406218767
261,0.0755813717842102
262,0.00902826339006424
263,0.30471086502075195
264,-0.21165986359119415
265,-0.20881521701812744
266,0.2862737774848938
267,0.3282773792743683
268,0.4613719582557678
269,0.11389908194541931
270,0.08832771331071854
271,-0.12267198413610458
272,-0.3506295680999756
273,-0.01938081532716751
274,0.1353326141834259
275,0.04321293905377388
276,-0.35466882586479187
277,0.1024913638830185
278,-0.19030115008354187
279,-0.518180787563324
280,0.14833122491836548
281,0.1728314608335495
282,-0.19806912541389465
283,-0.26287174224853516
284,-0.18727852404117584
285,0.1039014458656311
286,-0.030777547508478165
287,-0.12175152450799942
288,-0.12022718787193298
289,-0.5395492315292358
290,0.04481770843267441
291,-0.11440245807170868
292,0.10242658853530884
293,-0.11863064020872116
294,0.2191319763660431
295,-0.024025678634643555
296,-0.09372793138027191
297,0.25650012493133545
298,-0.09174256771802902
299,0.22863510251045227
300,0.09973245859146118
301,0.2330026924610138
302,0.006054870318621397
303,0.17568457126617432
304,0.03332898020744324
305,0.481613427400589
306,0.03588976711034775
307,-0.17719325423240662
308,0.06931483745574951
309,-0.007815060205757618
310,0.2950187027454376
311,-0.05880918353796005
312,0.12326142191886902
313,-0.2667626142501831
314,-0.10865423083305359
315,-0.19470012187957764
316,0.0883294865489006
317,0.12009397149085999
318,-0.029105033725500107
319,-0.12165257334709167
320,0.08731447160243988
321,-0.035224877297878265
322,-0.3592135012149811
323,0.5849458575248718
324,0.1244448721408844
325,0.28246888518333435
326,-0.126005157828331
327,0.07521912455558777
328,-0.06425067782402039
329,-0.3965056538581848
330,-0.10927793383598328
331,0.06953629851341248
332,-0.1331157386302948
333,-0.039820343255996704
334,-0.12940619885921478
335,-0.1820412129163742
336,-0.1952342838048935
337,0.3485182821750641
338,-0.017765311524271965
339,0.5890362858772278
340,-0.1282721757888794
341,-0.18548403680324554
342,-0.003091918071731925
343,0.01893702521920204
344,-0.2585395574569702
345,0.3829227089881897
346,-0.17576012015342712
347,0.3051094710826874
348,0.17994438111782074
349,0.29072052240371704
350,-0.017606699839234352
351,-0.6593550443649292
352,0.02304595150053501
353,0.1875200867652893
354,0.24963805079460144
355,0.15209996700286865
356,-0.11234007775783539
357,-0.2367476224899292
358,-0.12720410525798798
359,0.14668729901313782
360,-0.06054528057575226
361,-0.2640266716480255
362,-0.3955051302909851
363,-0.1891118586063385
364,0.07993990927934647
365,0.16400083899497986
366,0.5524889230728149
367,-0.273347407579422
368,0.1015000119805336
369,0.10270339995622635
370,-0.05617925524711609
371,-0.08100243657827377
372,0.3847103714942932
373,-0.006806967314332724
374,0.17359204590320587
375,-0.0799546167254448
376,0.003026124555617571
377,-0.2792980372905731
378,0.04585425555706024
379,-0.2548843324184418
380,-0.10514961183071136
381,0.042819101363420486
382,0.11847050487995148
383,-0.21155764162540436
384,0.382974237203598
385,0.06859716027975082
386,-0.16972918808460236
387,-0.006678731646388769
388,0.06863091140985489
389,0.5260636210441589
390,-0.40345022082328796
391,-0.06817695498466492
392,-0.19224697351455688
393,0.2419797033071518
394,0.06470388174057007
395,0.04634881764650345
396,0.37922823429107666
397,0.30861324071884155
398,0.05805700644850731
399,-0.07202944904565811
400,-0.04947686567902565
401,0.28808078169822693
402,-0.09866921603679657
403,-0.3310319483280182
404,0.09090796858072281
405,0.3004433214664459
406,0.17970117926597595
407,0.2947879731655121
408,-0.18978357315063477
409,-0.33678704500198364
410,-0.14410685002803802
411,0.03270566463470459
412,0.347569078207016
413,0.021812679246068
414,0.3396633565425873
415,-0.27987292408943176
416,0.10824766755104065
417,-0.05910565331578255
418,-0.06932269781827927
419,0.24056711792945862
420,0.09301251173019409
421,0.20825664699077606
422,0.21307995915412903
423,0.29437318444252014
424,-0.12414608895778656
425,0.4827473759651184
426,0.23346757888793945
427,-0.26485079526901245
428,-0.26442912220954895
429,0.16060912609100342
430,0.097964346408844
431,-0.33422204852104187
432,-0.47504743933677673
433,-0.33756446838378906
434,0.025085724890232086
435,-0.02004666067659855
436,0.15586158633232117
437,-0.12659692764282227
438,-0.01364577654749155
439,0.3718336224555969
440,0.48402294516563416
441,-0.0758206695318222
442,0.05807472765445709
443,0.1383543312549591
444,-0.16556786000728607
445,0.1030992940068245
446,0.2341793179512024
447,0.356437623500824
448,-0.1263159215450287
449,-0.05389828607439995
450,-0.3831265866756439
451,-0.038456860929727554
452,0.08863357454538345
453,0.07808703929185867
454,-0.17557625472545624
455,0.17463870346546173
456,0.21806029975414276
457,0.2875085175037384
458,0.25300323963165283
459,-0.19514693319797516
460,-0.2351357489824295
461,0.04308187961578369
462,0.43754589557647705
463,0.08524412661790848
464,-0.25871777534484863
465,-0.14746417105197906
466,0.2067655771970749
467,-0.32594889402389526
468,-0.2835283577442169
469,0.2023787647485733
470,-0.02206415683031082
471,0.007778523489832878
472,-0.16468557715415955
473,0.1656688153743744
474,0.029210198670625687
475,-0.09912487119436264
476,0.45461490750312805
477,0.08764936029911041
478,0.3274290859699249
479,-0.01699686236679554
480,-0.20545902848243713
481,0.30114510655403137
482,-0.4144769608974457
483,0.22416174411773682
484,0.007150996942073107
485,-0.19442793726921082
486,-0.013226685114204884
487,0.2727019786834717
488,0.13640320301055908
489,-0.26003456115722656
490,0.14217354357242584
491,-0.08075550198554993
492,-0.10072779655456543
493,0.008963549509644508
494,0.03464246541261673
495,-0.4397486448287964
496,0.3484543263912201
497,0.13571017980575562
498,-0.02914108894765377
499,0.11726798862218857
500,-0.16817469894886017
501,-0.3101758658885956
502,0.24777065217494965
503,0.18525783717632294
504,-0.11875835061073303
505,0.0214025117456913
506,-0.07759539037942886
507,0.24578964710235596
508,-0.2079450488090515
509,-0.09162680804729462
510,0.08251472562551498
511,0.3037983477115631
512,-0.3580191731452942
513,-0.01351518090814352
514,0.06885530054569244
515,-0.02844151109457016
516,-0.11036395281553268
517,0.26944705843925476
518,-0.22388765215873718
519,-0.1558709442615509
520,0.0051359497010707855
521,-0.2969422936439514
522,-0.14214250445365906
523,0.4283856153488159
524,0.030107557773590088
525,0.04490671679377556
526,-0.2066596895456314
527,-0.09299826622009277
528,0.03403479978442192
529,-0.08504701405763626
530,-0.04238241910934448
531,0.1248985156416893
532,-0.19197653234004974
533,0.20366719365119934
534,0.2645726799964905
535,0.12690584361553192
536,0.2870970070362091
537,-0.3246423006057739
538,0.10527009516954422
539,0.20881707966327667
540,0.2739603519439697
541,0.010761725716292858
542,0.20203357934951782
543,-0.2984429597854614
544,-0.03343364596366882
545,-0.03363266587257385
546,-0.4978920817375183
547,-0.2511361241340637
548,-0.24612638354301453
549,-0.08007005602121353
550,-0.3833043575286865
551,-0.016450976952910423
552,0.4040588438510895
553,0.451788991689682
554,0.31572309136390686
555,-0.2087727189064026
556,-0.26246514916419983
557,0.2588915526866913
558,-0.27363359928131104
559,0.0492461696267128
560,-0.3017845153808594
561,-0.18313422799110413
562,-0.13551396131515503
563,0.4469398856163025
564,0.21222037076950073
565,0.004821947310119867
566,0.08156990259885788
567,0.19420789182186127
568,0.04263037070631981
569,-0.22897280752658844
570,0.5683606266975403
571,0.14114201068878174
572,-0.3865537941455841
573,-0.15082994103431702
574,0.2940494418144226
575,0.25175940990448
576,0.06336275488138199
577,0.49286073446273804
578,-0.18913719058036804
579,-0.06694570928812027
580,0.08313164114952087
581,0.1417437493801117
582,0.2796518802642822
583,-0.14685235917568207
584,0.14188538491725922
585,-0.28861793875694275
586,-0.16160309314727783
587,-0.15942029654979706
588,-0.16167563199996948
589,0.10836024582386017
590,0.02664339542388916
591,-0.01518347766250372
592,-0.17440365254878998
593,-0.01284018624573946
594,0.2096581608057022
595,0.09742392599582672
596,0.21751771867275238
597,-0.10736601799726486
598,0.09036888927221298
599,0.1641712784767151
600,0.15416793525218964
601,-0.20053289830684662
602,0.0685773491859436
603,0.11347358673810959
604,-0.20474711060523987
605,0.2870468199253082
606,0.19306032359600067
607,-0.21857039630413055
608,-0.02546343207359314
609,0.1385362297296524
610,-0.008638630621135235
611,-0.300470769405365
612,0.10021378099918365
613,-0.13215740025043488
614,-0.09949839115142822
615,-0.1488034725189209
616,-0.37207499146461487
617,0.21322660148143768
618,-0.14181625843048096
619,0.26950109004974365
620,0.10172933340072632
621,0.22068552672863007
622,-0.03452443704009056
623,-0.112852543592453
624,0.13426798582077026
625,0.3330528736114502
626,0.2261979877948761
627,0.1651049256324768
628,-0.075365349650383
629,0.12102668732404709
630,0.36102795600891113
631,-0.028008341789245605
632,0.4456111788749695
633,0.4642518162727356
634,-0.139029398560524
635,0.7622145414352417
636,0.36176449060440063
637,0.2191837728023529
638,0.45418766140937805
639,0.14248481392860413
640,0.3363276422023773
641,-0.09930878132581711
642,-0.26598992943763733
643,0.05160457640886307
644,-0.08186787366867065
645,-0.1419852375984192
646,0.00890575721859932
647,0.005048469640314579
648,-0.17390970885753632
649,0.22849662601947784
650,-0.3077196478843689
651,0.16755938529968262
652,-0.14528748393058777
653,-0.07976701855659485
654,0.587736964225769
655,-0.47460484504699707
656,-0.1640172004699707
657,-0.07392910122871399
658,0.06373094767332077
659,-0.16868408024311066
660,0.07943543046712875
661,0.025911062955856323
662,-0.1493544578552246
663,0.39036309719085693
664,-0.07074980437755585
665,0.19519607722759247
666,-0.005277856718748808
667,-0.004288897383958101
668,0.04203443601727486
669,0.09341343492269516
670,-0.04313521832227707
671,-0.45621612668037415
672,0.11018560081720352
673,0.2591315507888794
674,-0.1670682728290558
675,0.14264355599880219
676,-0.07398779690265656
677,0.0009439476416446269
678,0.38593557476997375
679,0.0007552466122433543
680,0.15331505239009857
681,-0.23325416445732117
682,0.16902045905590057
683,0.05401173233985901
684,-0.13732022047042847
685,0.34411248564720154
686,-0.1663435399532318
687,-0.06313870847225189
688,0.1184195876121521
689,-0.05740726739168167
690,-0.776462733745575
691,0.29467931389808655
692,-0.3035544157028198
693,-0.2929108738899231
694,0.5690978765487671
695,0.7705075740814209
696,0.0978371724486351
697,-0.13296042382717133
698,-0.05402355641126633
699,-0.13704757392406464
700,-0.07828868925571442
701,-0.28938955068588257
702,-0.10275699943304062
703,-0.13191308081150055
704,0.0850779116153717
705,0.43886494636535645
706,0.18663397431373596
707,-0.15546002984046936
708,0.27107200026512146
709,0.008631983771920204
710,-0.19089742004871368
711,-0.2127564251422882
712,-0.46430301666259766
713,-0.055094048380851746
714,0.15867778658866882
715,-0.1303822100162506
716,-0.10390036553144455
717,0.058726802468299866
718,0.007997150532901287
719,0.41555356979370117
720,0.1370011270046234
721,0.04881740361452103
722,-0.20912152528762817
723,0.3099382519721985
724,-0.10283961147069931
725,0.4236098527908325
726,0.13228896260261536
727,0.18927155435085297
728,-0.13255663216114044
729,0.1401004195213318
730,-0.13245734572410583
731,0.05097891017794609
732,-0.017587905749678612
733,0.19152846932411194
734,-0.0003762581618502736
735,-0.05580586567521095
736,0.31976428627967834
737,-0.4086522161960602
738,0.5263339281082153
739,0.2051847279071808
740,-0.08844128251075745
741,-0.007621889468282461
742,0.1009773463010788
743,-0.43615007400512695
744,0.12432706356048584
745,0.3540913760662079
746,-0.0745985209941864
747,-0.12860704958438873
748,0.1681339144706726
749,0.14539654552936554
750,-0.6952338814735413
751,0.2820899486541748
752,0.15009939670562744
753,0.31201884150505066
754,0.17674192786216736
755,0.19914449751377106
756,0.0953451469540596
757,0.18183499574661255
758,0.054335370659828186
759,-0.06259524822235107
760,-0.008978486992418766
761,0.7520215511322021
762,-0.5902056097984314
763,-0.019959382712841034
764,-0.2414788007736206
765,0.02552487701177597
766,-0.3728477954864502
767,0.3766484260559082
768,0.12079199403524399
769,-0.1992279440164566
770,-0.1089542880654335
771,-0.2501426637172699
772,-0.13004417717456818
773,0.053354326635599136
774,0.4140385091304779
775,0.14691181480884552
776,-0.036625515669584274
777,0.05156359076499939
778,-0.11237441003322601
779,-0.08913013339042664
780,-0.10163484513759613
781,0.23358385264873505
782,0.062474217265844345
783,-0.7417370676994324
784,-0.2934260070323944
785,0.3277895152568817
786,0.0600370317697525
787,0.057200901210308075
788,0.12696555256843567
789,-0.48379239439964294
790,-0.36398497223854065
791,0.16845878958702087
792,-0.09902331233024597
793,0.04924527928233147
794,-0.0814516544342041
795,-0.16122518479824066
796,0.09885348379611969
797,-0.13767090439796448
798,0.46902862191200256
799,0.18645524978637695
800,-0.2859657108783722
801,0.12764069437980652
802,-0.23511150479316711
803,0.07429377734661102
804,0.043013572692871094
805,-0.3819419741630554
806,-0.025680910795927048
807,0.20584039390087128
808,-0.025189626961946487
809,-0.08046437054872513
810,0.6412758231163025
811,-0.7759560942649841
812,-0.03487985208630562
813,0.4372444152832031
814,-0.25816628336906433
815,0.5569227933883667
816,0.09146629273891449
817,-0.20493938028812408
818,-0.16639173030853271
819,0.017037685960531235
820,-0.22972716391086578
821,0.7609642744064331
822,-0.14356769621372223
823,-0.40228837728500366
824,0.44681572914123535
825,-0.04936199262738228
826,-0.1371118426322937
827,0.09936691075563431
828,0.09857918322086334
829,-0.11195730417966843
830,0.09093569964170456
831,-0.2165871262550354
832,0.05671663209795952
833,-0.17999215424060822
834,-0.12292708456516266
835,0.2967216372489929
836,0.12807059288024902
837,-0.2362465113401413
838,-0.4626574218273163
839,-0.09769568592309952
840,-0.14451226592063904
841,0.42701366543769836
842,0.08828712999820709
843,-0.22903528809547424
844,0.7309600114822388
845,-0.1047205850481987
846,-0.03764377161860466
847,-0.04885749891400337
848,0.08443771302700043
849,-0.17606127262115479
850,-0.034875545650720596
851,-0.22965410351753235
852,-0.4667171537876129
853,0.014193522743880749
854,-0.29238563776016235
855,-0.00016686947492416948
856,0.46220502257347107
857,0.43091151118278503
858,0.014481602236628532
859,0.18845614790916443
860,0.03475416824221611
861,-0.012467668391764164
862,-0.4592059850692749
863,0.24024593830108643
864,0.03438471630215645
865,-0.07108133286237717
866,0.22240228950977325
867,-0.31817129254341125
868,0.10454662889242172
869,-0.005789201706647873
870,0.23677118122577667
871,-0.07108166068792343
872,-0.02945653162896633
873,-0.34625059366226196
874,-0.49528372287750244
875,-9.06164277694188e-05
876,0.4133349061012268
877,0.20487196743488312
878,0.3320470154285431
879,-0.05214940384030342
880,0.12784051895141602
881,-0.28866416215896606
882,-0.2478426843881607
883,0.2655843496322632
884,-0.5113539695739746
885,-0.26066017150878906
886,-0.018026819452643394
887,0.005740635562688112
888,-0.03662186488509178
889,-0.15507790446281433
890,-0.3255271017551422
891,0.40311408042907715
892,-0.0805811882019043
893,0.05999734625220299
894,0.182332843542099
895,0.7025887966156006
896,-0.5314316749572754
897,0.2635909914970398
898,0.41765332221984863
899,0.11884793639183044
900,0.15120728313922882
901,-0.03387570381164551
902,-0.48414361476898193
903,0.1412220448255539
904,-0.6161217093467712
905,-0.0542522668838501
906,0.07758580893278122
907,0.040969811379909515
908,-0.3730589747428894
909,0.2473800629377365
910,-0.11873579770326614
911,-0.05890502780675888
912,0.1341949850320816
913,0.24624072015285492
914,-0.2359699010848999
915,-0.051235225051641464
916,-0.014292024075984955
917,0.12686704099178314
918,-0.07420768588781357
919,0.08748229593038559
920,-0.12216326594352722
921,-0.03708038479089737
922,-0.008118613623082638
923,-0.045879531651735306
924,0.4486672580242157
925,0.09656461328268051
926,0.14826995134353638
927,-0.039205461740493774
928,0.415865421295166
929,-0.13252513110637665
930,-0.10250677913427353
931,-0.2871774435043335
932,0.5350981950759888
933,0.3086834251880646
934,0.07613290846347809
935,0.4700101315975189
936,0.07896697521209717
937,-0.07177240401506424
938,-0.06884054839611053
939,-0.009887486696243286
940,-0.30683982372283936
941,0.010610074736177921
942,0.17892798781394958
943,0.2325855940580368
944,0.5090680718421936
945,0.5821312069892883
946,-0.23992903530597687
947,0.5045398473739624
948,0.31424325704574585
949,-0.05959765613079071
950,-0.16332264244556427
951,0.031195860356092453
952,-0.07604236900806427
953,-0.26642438769340515
954,0.2544483244419098
955,0.23231729865074158
956,-0.0861164852976799
957,0.03529362380504608
958,0.0225090142339468
959,-0.021838221698999405
960,-0.41660526394844055
961,0.12285270541906357
962,-0.7133560180664062
963,-0.15518996119499207
964,-0.1058766096830368
965,0.07720830291509628
966,0.2813476324081421
967,0.48670053482055664
968,0.06326906383037567
969,0.06942155212163925
970,0.39646875858306885
971,0.08225879818201065
972,-0.4180537164211273
973,0.5567963719367981
974,0.09684557467699051
975,0.1361435502767563
976,-0.4007223844528198
977,-0.23850490152835846
978,-0.22679495811462402
979,0.06790632754564285
980,0.11580530554056168
981,-0.19511407613754272
982,-0.3075522482395172
983,0.5175235271453857
984,-0.31156444549560547
985,-0.2960074841976166
986,-0.11836209148168564
987,0.19683296978473663
988,-0.16636624932289124
989,0.2366638332605362
990,0.6074544191360474
991,0.23329584300518036
992,0.07934518158435822
993,0.21416634321212769
994,0.5123278498649597
995,0.002449986059218645
996,0.3457416296005249
997,-0.1368793547153473
998,-0.32123544812202454
999,-0.1799166202545166
1000,0.7802928686141968
1001,-0.11405817419290543
1002,0.4181981682777405
1003,-0.17557142674922943
1004,0.029453258961439133
1005,0.8025034070014954
1006,-0.751169741153717
1007,0.3467661738395691
1008,0.3524392545223236
1009,0.03805066645145416
1010,0.25158995389938354
1011,0.31054601073265076
1012,-0.3910242021083832
1013,0.6234858632087708
1014,0.07309234142303467
1015,0.411097913980484
1016,-0.12342280149459839
1017,-0.1338203251361847
1018,0.19167737662792206
1019,-0.1627439260482788
1020,0.3542347252368927
1021,0.23950326442718506
1022,-0.0945931002497673
1023,0.6240674257278442
1024,-0.42154982686042786
1025,-0.3858373761177063
1026,0.4550256133079529
1027,0.24939602613449097
1028,0.112627312541008
1029,-0.039830420166254044
1030,-0.4005752205848694
1031,-0.4116843044757843
1032,0.3645012676715851
1033,-0.6462939381599426
1034,0.5700113773345947
1035,0.37224316596984863
1036,0.022714801132678986
1037,0.5063180327415466
1038,0.6319484710693359
1039,0.5204861164093018
1040,0.32930055260658264
1041,-0.30969732999801636
1042,-0.1854892373085022
1043,0.3589429259300232
1044,-0.16090244054794312
1045,0.2977917492389679
1046,0.1304762065410614
1047,-0.05280953273177147
1048,0.09159878641366959
1049,-0.5214678645133972
1050,0.1486906111240387
1051,0.19231107831001282
1052,0.5510829091072083
1053,0.14238899946212769
1054,-0.4789438545703888
1055,0.2618800699710846
1056,0.015362382866442204
1057,0.25401511788368225
1058,0.030761567875742912
1059,0.6698633432388306
1060,0.6327347159385681
1061,0.026842454448342323
1062,-0.04561349377036095
1063,0.01931159943342209
1064,-0.05500885844230652
1065,-0.32911282777786255
1066,0.06319773942232132
1067,0.4680085778236389
1068,0.1234026700258255
1069,0.3570585548877716
1070,-0.49272066354751587
1071,0.5134456157684326
1072,0.031134873628616333
1073,-0.2211662381887436
1074,0.1361234486103058
1075,-0.5402973294258118
1076,-0.49712246656417847
1077,0.5216379761695862
1078,-0.08703456819057465
1079,0.18182778358459473
1080,0.11421369016170502
1081,-0.057990994304418564
1082,0.8610329627990723
1083,0.016667935997247696
1084,-0.466238796710968
1085,-0.07200290262699127
1086,-0.6579757928848267
1087,0.2784038782119751
1088,-0.05669479817152023
1089,-0.6847883462905884
1090,-0.1352171003818512
1091,-0.1831696778535843
1092,0.10571678727865219
1093,0.08369862288236618
1094,-0.21358947455883026
1095,0.7575243711471558
1096,0.10189599543809891
1097,0.27740705013275146
1098,0.3319508135318756
1099,0.19977356493473053
1100,-0.33648914098739624
1101,-0.16192051768302917
1102,0.15821000933647156
1103,-0.4480786621570587
1104,-0.019627545028924942
1105,-0.22599472105503082
1106,-0.5211921334266663
1107,-0.04860129952430725
1108,0.057733941823244095
1109,0.33432143926620483
1110,0.33223816752433777
1111,0.06162343546748161
1112,-0.04897427558898926
1113,-0.5313531160354614
1114,0.11310144513845444
1115,-0.4223242700099945
1116,-0.1292547881603241
1117,0.1862238496541977
1118,-0.32313981652259827
1119,-0.257903516292572
1120,-0.09959974884986877
1121,0.34978124499320984
1122,0.16678693890571594
1123,-0.3243102431297302
1124,-0.7377004027366638
1125,0.12832431495189667
1126,-0.23546457290649414
1127,-0.005490274168550968
1128,0.1930619329214096
1129,-0.006955722346901894
1130,0.061375733464956284
1131,-0.13801895081996918
1132,-0.8136493563652039
1133,0.12129637598991394
1134,-0.041159436106681824
1135,-0.014492572285234928
1136,0.019996194168925285
1137,-0.050857063382864
1138,-0.01295403391122818
1139,-0.1327817142009735
1140,-0.0876474604010582
1141,0.21886882185935974
1142,-0.2328234314918518
1143,0.13983507454395294
1144,0.03998318687081337
1145,-0.43912848830223083
1146,-0.4722026288509369
1147,0.20580452680587769
1148,0.07450106739997864
1149,-0.06172838807106018
1150,0.8516179323196411
1151,0.28999456763267517
1152,0.2322877198457718
1153,-0.27612563967704773
1154,-0.3927108347415924
1155,-0.25874072313308716
1156,0.19171857833862305
1157,-0.03765832632780075
1158,0.30211159586906433
1159,-0.1937665194272995
1160,-0.4503767788410187
1161,0.22891196608543396
1162,-0.1814524084329605
1163,-0.6118576526641846
1164,0.03260814771056175
1165,-0.5314031839370728
1166,-0.3934834599494934
1167,0.06973892450332642
1168,0.10531439632177353
1169,0.11784463375806808
1170,0.30830812454223633
1171,0.10370528697967529
1172,0.02445843629539013
1173,-0.21933697164058685
1174,-0.22573672235012054
1175,-0.04643472284078598
1176,0.051707834005355835
1177,-0.16966132819652557
1178,-0.036551333963871
1179,0.3975517153739929
1180,0.22398698329925537
1181,0.13268530368804932
1182,-0.012684526853263378
1183,-0.20888520777225494
1184,-0.038650546222925186
1185,0.4847051799297333
1186,-0.049545370042324066
1187,-0.5174630880355835
1188,0.05736995115876198
1189,0.2347802221775055
1190,-0.1710626631975174
1191,0.09076008945703506
1192,0.44081801176071167
1193,0.16509075462818146
1194,-0.5763562917709351
1195,-0.1869605928659439
1196,-0.029335275292396545
1197,-0.6279615759849548
1198,0.007706788368523121
1199,0.20349055528640747
1200,0.236751526594162
1201,0.316111296415329
1202,0.38577720522880554
1203,0.2939772605895996
1204,0.20287422835826874
1205,-0.0594407357275486
1206,0.1943206936120987
1207,-0.1079200804233551
1208,0.08534575253725052
1209,0.15793409943580627
1210,-0.6327664256095886
1211,-0.01460983045399189
1212,-0.15656036138534546
1213,0.37071406841278076
1214,0.10788682103157043
1215,-0.24691550433635712
1216,-0.2647174894809723
1217,0.05153493955731392
1218,-0.14471592009067535
1219,0.0955868512392044
1220,0.37114739418029785
1221,-0.45950061082839966
1222,0.3651511073112488
1223,0.14625965058803558
1224,-0.11815048009157181
1225,0.1595120131969452
1226,-0.3321722447872162
1227,-0.32227379083633423
1228,0.09050207585096359
1229,-0.070490762591362
1230,-0.21340854465961456
1231,-0.021837826818227768
1232,-0.8531341552734375
1233,0.35355812311172485
1234,0.47546714544296265
1235,-0.17853595316410065
1236,0.445876806974411
1237,-0.186837300658226
1238,0.03618982061743736
1239,0.22990764677524567
1240,0.1499747782945633
1241,0.19944900274276733
1242,0.27265504002571106
1243,0.5667920708656311
1244,-0.34534603357315063
1245,-0.04341275990009308
1246,-0.21901752054691315
1247,-0.5049000382423401
1248,0.3342961072921753
1249,-0.034123487770557404
1250,0.4100152254104614
1251,0.0646783709526062
1252,-0.3557072579860687
1253,0.1561109572649002
1254,0.2822923958301544
1255,0.08893798291683197
1256,0.03648122027516365
1257,0.05595094710588455
1258,-0.33384406566619873
1259,0.1993992179632187
1260,0.37306562066078186
1261,0.09639772772789001
1262,0.33094358444213867
1263,-0.20053303241729736
1264,0.17579050362110138
1265,-0.42358359694480896
1266,-0.2341606616973877
1267,-0.0028003412298858166
1268,-0.08520752936601639
1269,-0.06699816137552261
1270,-0.47253572940826416
1271,0.007103556301444769
1272,0.2049730122089386
1273,0.26598498225212097
1274,-0.31332457065582275
1275,-0.2034546285867691
1276,-0.262895405292511
1277,0.10208062082529068
1278,-0.19454632699489594
1279,-0.04715938866138458
1280,0.3829788565635681
1281,-0.19347135722637177
1282,-0.03702562674880028
1283,0.13495343923568726
1284,0.23918935656547546
1285,0.2610122859477997
1286,0.255431592464447
1287,0.15161220729351044
1288,0.18395522236824036
1289,0.30829036235809326
1290,-0.17510944604873657
1291,0.271316796541214
1292,0.13975273072719574
1293,0.23400811851024628
1294,0.35353097319602966
1295,-0.39278578758239746
1296,-0.272874653339386
1297,0.21869927644729614
1298,-0.3820283114910126
1299,0.21745198965072632
1300,0.010222375392913818
1301,0.3192196488380432
1302,-0.008361905813217163
1303,-0.04374217614531517
1304,0.10424570739269257
1305,-0.5706117749214172
1306,-0.40583598613739014
1307,-0.3254414498806
1308,0.07243610918521881
1309,-0.10750502347946167
1310,0.13538889586925507
1311,-0.2914206385612488
1312,0.1848921775817871
1313,-0.17549675703048706
1314,0.4627143442630768
1315,-0.12285326421260834
1316,0.10414361953735352
1317,-0.22003771364688873
1318,-0.27586275339126587
1319,0.15103086829185486
1320,0.16804078221321106
1321,-0.16936276853084564
1322,-0.2892962396144867
1323,-0.07115019112825394
1324,-0.5891503691673279
1325,0.059994183480739594
1326,0.07916006445884705
1327,0.19317761063575745
1328,-0.16955658793449402
1329,-0.0940639078617096
1330,-0.10083174705505371
1331,-0.22283302247524261
1332,-0.20531241595745087
1333,0.3327360153198242
1334,0.2801096737384796
1335,0.05768171325325966
1336,0.052100203931331635
1337,-0.030701514333486557
1338,-0.22513550519943237
1339,0.1500960886478424
1340,0.5228646993637085
1341,-0.08512566238641739
1342,-0.016913073137402534
1343,0.04303305596113205
1344,-0.5255964994430542
1345,0.45502910017967224
1346,-0.00891746673732996
1347,0.046303629875183105
1348,0.028436660766601562
1349,0.3484818637371063
1350,0.12258657068014145
1351,0.034375887364149094
1352,0.20196962356567383
1353,-0.17918315529823303
1354,0.06920336931943893
1355,-0.1310001164674759
1356,-0.022360477596521378
1357,0.024810457602143288
1358,0.2264881134033203
1359,-0.2432532012462616
1360,-0.0694376528263092
1361,-0.1847711205482483
1362,0.29179641604423523
1363,-0.3709474503993988
1364,0.23469771444797516
1365,0.3469243049621582
1366,0.33573171496391296
1367,0.06156918779015541
1368,-0.01145180594176054
1369,-0.05803846940398216
1370,-0.3061082661151886
1371,-0.3201490044593811
1372,-0.264758437871933
1373,-0.1631036251783371
1374,-0.1225898265838623
1375,-0.03891751542687416
1376,-0.024514950811862946
1377,0.15277783572673798
1378,-0.5276739597320557
1379,-0.545110821723938
1380,0.026076512411236763
1381,-0.1852082908153534
1382,0.7119385600090027
1383,-0.6355909705162048
1384,-0.21238316595554352
1385,-0.20816224813461304
1386,0.32568296790122986
1387,-0.12830667197704315
1388,0.03762798011302948
1389,-0.32850828766822815
1390,0.019724346697330475
1391,0.02609040029346943
1392,-0.29305610060691833
1393,0.18878887593746185
1394,-0.5371258854866028
1395,0.20176637172698975
1396,0.10665370523929596
1397,0.1691930741071701
1398,0.29615333676338196
1399,-0.12828753888607025
1400,-0.056053441017866135
1401,0.3626171350479126
1402,0.13260100781917572
1403,0.05012653395533562
1404,0.5435609817504883
1405,0.3675674796104431
1406,-0.1888478845357895
1407,0.28937000036239624
1408,-0.028394270688295364
1409,0.5230684876441956
1410,0.20155934989452362
1411,0.0457281619310379
1412,0.298627644777298
1413,0.2024749219417572
1414,0.08830488473176956
1415,-0.5693235993385315
1416,0.3654351830482483
1417,-0.06694959849119186
1418,0.275976300239563
1419,0.003996409475803375
1420,0.5689193606376648
1421,0.14394304156303406
1422,0.03957647830247879
1423,0.3650723397731781
1424,-0.12120920419692993
1425,-0.5726120471954346
1426,-0.10960182547569275
1427,-0.05275365337729454
1428,0.04853121191263199
1429,0.43258705735206604
1430,-0.010612747631967068
1431,-0.3718641996383667
1432,-0.3231011927127838
1433,-0.2038644701242447
1434,0.5161031484603882
1435,0.19229751825332642
1436,-0.006760886870324612
1437,-0.5425987243652344
1438,-0.11275831609964371
1439,-0.27088868618011475
1440,-0.0050194151699543
1441,-0.3567522466182709
1442,-0.11275853961706161
1443,0.040595877915620804
1444,-0.07148352265357971
1445,-0.07867560535669327
1446,-0.2813921570777893
1447,0.2780706584453583
1448,-0.5933736562728882
1449,-0.20608991384506226
1450,0.21752429008483887
1451,0.0025118000339716673
1452,-0.030241137370467186
1453,0.14427436888217926
1454,0.032666195183992386
1455,0.3297803997993469
1456,0.03819482401013374
1457,0.07741948962211609
1458,-0.3472014367580414
1459,0.1952890157699585
1460,0.867113471031189
1461,-0.1032508835196495
1462,-0.08633974194526672
1463,-0.49432140588760376
1464,-0.02199597842991352
1465,0.19635438919067383
1466,0.7885834574699402
1467,0.13779470324516296
1468,0.32724159955978394
1469,-0.19182296097278595
1470,0.2049914002418518
1471,0.044335026293992996
1472,0.21110573410987854
1473,0.09911918640136719
1474,0.3326590955257416
1475,0.08894086629152298
1476,-0.29320329427719116
1477,-0.31187236309051514
1478,0.06309127062559128
1479,0.5162476897239685
1480,0.4311846196651459
1481,-0.6293776035308838
1482,-0.5298112034797668
1483,0.14529915153980255
1484,0.41538238525390625
1485,-0.2911030054092407
1486,0.08590714633464813
1487,-0.07363328337669373
1488,-0.07222458720207214
1489,-0.24108867347240448
1490,-0.4457126259803772
1491,-0.10624261945486069
1492,0.12066595256328583
1493,0.13813385367393494
1494,-0.33624133467674255
1495,-0.4273994565010071
1496,-0.3042883574962616
1497,-0.027263648808002472
1498,-0.23640763759613037
1499,0.06369873881340027
